TRUNCATE TABLE `ges_familias`;
;;;;;;

;;;;;;
INSERT INTO `ges_familias` (`Id`, `IdFamilia`, `IdIdioma`, `Familia`, `Eliminado`) VALUES
(1, 1, 1, 'NORMAL', 1),
(2, 2, 1, 'VARIOS', 0),
(3, 3, 1, 'ACCESS POINT', 0),
(4, 4, 1, 'ADAPTADOR', 0),
(5, 5, 1, 'AURICULAR', 0),
(6, 6, 1, 'FRASCO TINTA', 0),
(7, 7, 1, 'FRASCO TONER', 0),
(8, 8, 1, 'CABLE', 0),
(9, 9, 1, 'CAMARA', 0),
(10, 10, 1, 'CARD READER', 0),
(11, 11, 1, 'CARGADOR', 0),
(12, 12, 1, 'CARTUCHO TINTA', 0),
(13, 13, 1, 'CARTUCHO TONER', 0),
(14, 14, 1, 'CASE', 0),
(15, 15, 1, 'COOLER', 0),
(16, 16, 1, 'DISCO DURO', 0),
(17, 17, 1, 'ESCANER', 0),
(18, 18, 1, 'ESTABILIZADOR', 0),
(19, 19, 1, 'FUENTE PODER', 0),
(20, 20, 1, 'FUNDA', 0),
(21, 21, 1, 'GAMEPAD', 0),
(22, 22, 1, 'IMPRESORA', 0),
(23, 23, 1, 'LAPTOP', 0),
(24, 24, 1, 'MALETIN', 0),
(25, 25, 1, 'MEMORIA', 0),
(26, 26, 1, 'MOCHILA', 0),
(27, 27, 1, 'MOUSE', 0),
(28, 28, 1, 'MULTIGRABADOR', 0),
(29, 29, 1, 'PANTALLA', 0),
(30, 30, 1, 'PARLANTE', 0),
(31, 31, 1, 'PLACA MADRE', 0),
(32, 32, 1, 'PROCESADOR', 0),
(33, 33, 1, 'ROUTER', 0),
(34, 34, 1, 'SOFTWARE', 0),
(35, 35, 1, 'SWITCH', 0),
(36, 36, 1, 'TABLET', 0),
(37, 37, 1, 'TARJETA RED', 0),
(38, 38, 1, 'TARJETA SONIDO', 0),
(39, 39, 1, 'TARJETA TV', 0),
(40, 40, 1, 'TARJETA VIDEO', 0),
(41, 41, 1, 'TECLADO', 0);
;;;;;;

;;;;;;
TRUNCATE TABLE `ges_marcas`;
;;;;;;

;;;;;;
INSERT INTO `ges_marcas` (`IdMarca`, `Marca`, `Eliminado`) VALUES
(1, '...', 0),
(2, 'LG', 0),
(3, 'SAMSUNG', 0),
(4, 'SEAGATE', 0),
(5, 'KINGSTON', 0),
(6, 'INTEL', 0),
(7, 'AMD', 0),
(8, 'GENIUS', 0),
(9, 'LOGITECH', 0),
(10, 'GIGABYTE', 0),
(11, 'ASUS', 0),
(12, 'AVATEC', 0),
(13, 'MICRONICS', 0),
(14, 'HP', 0),
(15, 'KYOCERA', 0),
(16, 'XEROX', 0),
(17, 'TOSHIBA', 0),
(18, 'ADVANCE', 0),
(19, 'ACER', 0),
(20, 'LENOVO', 0),
(21, 'D-LINK', 0),
(22, 'TP-LINK', 0),
(23, 'CREATIVE', 0),
(24, 'FORZA', 0),
(25, 'POWER LITE', 0),
(26, 'ELISE', 0),
(27, 'CDP', 0),
(28, 'SATRA', 0),
(29, 'CANON', 0),
(30, 'KWORLD', 0),
(31, 'DELUXE', 0),
(32, 'BIOSTAR', 0),
(33, 'PATRIOT', 0),
(34, 'MICROSOFT', 0),
(35, 'EPSON', 0),
(36, 'WESTERN DIGITAL', 0),
(37, 'HALION', 0),
(38, 'XFX', 0),
(39, 'MSI', 0),
(40, 'ECS', 0),
(41, 'OMEGA', 0),
(42, 'GENERIC', 0),
(43, 'TDK', 0),
(44, 'IMATION', 0),
(45, 'PRINCO', 0),
(46, 'SONY', 0),
(47, 'ESET', 0),
(48, 'KASPERSKY', 0),
(49, 'IBM', 0),
(50, 'PANASONIC', 0),
(51, 'BENQ', 0),
(52, 'AOC', 0),
(53, 'KONICA MINOLTA', 0),
(54, 'TARGUS', 0),
(55, 'SKILL', 0),
(56, 'VIEWSONIC', 0),
(57, 'ENCORE', 0),
(58, 'TRENDNET', 0),
(59, 'ECOTREND', 0),
(60, 'APC', 0),
(61, 'PRINT-RITE', 0),
(62, 'ALTRON', 0),
(63, 'CYBERTEL', 0),
(64, 'CYBERLINK', 0),
(65, 'BOOMER', 0),
(66, 'FOXCONN', 0),
(67, 'THERMALTAKE', 0),
(68, 'CORSAIR', 0),
(69, 'A-DATA', 0),
(70, 'PNY', 0),
(71, 'PHILIPS', 0),
(72, 'VERBATIM', 0),
(73, 'DELL', 0),
(74, 'ASROCK', 0),
(75, 'JETWAY', 0),
(76, 'ZOTAC', 0),
(77, 'EVGA', 0),
(78, 'GIGA-X', 0),
(79, 'DISNEY', 0),
(80, 'XTECH', 0),
(81, 'HPM NEW TECH', 0),
(82, 'DIVOON', 0),
(83, 'LINKSYS', 0),
(84, 'ADVANTEK', 0),
(85, 'SOLIC', 0),
(86, 'EVERCOOL', 0),
(87, 'ASTROM', 0),
(88, 'KLIP', 0),
(89, 'SABRENT', 0),
(90, 'SUMDEX', 0),
(91, 'KAMASA', 0),
(92, 'DATAONE', 0),
(93, 'ENGENIUS', 0),
(94, 'NEXXT', 0),
(95, 'NEWLINK', 0),
(96, 'ANTEC', 0),
(97, 'KOZUMI', 0),
(98, 'SANDISK', 0),
(99, 'COMPAQ', 0),
(100, 'AEROCOOL', 0),
(101, 'HITACHI', 0),
(102, 'QSEE', 0),
(103, 'BLACKBERRY', 0),
(104, 'EBAG', 0),
(105, 'SENTEY', 0),
(106, 'MCAFEE', 0),
(107, 'CKP', 0),
(108, 'MOTOROLA', 0),
(109, 'SANYO', 0),
(110, 'PIONEER', 0),
(111, 'GARMIN', 0),
(112, 'IOMEGA', 0),
(113, 'TITAN', 0),
(114, 'NUQLEO', 0),
(115, 'SPRAY LOUD', 0),
(116, 'PANDA', 0),
(117, 'NECS', 0),
(118, 'BROTHER', 0),
(119, 'VIVOTEK', 0),
(120, 'AMP', 0),
(121, 'MIKROTIK', 0),
(122, 'APPLE', 0),
(123, 'AVERMEDIA', 0),
(124, 'M-AUDIO', 0),
(125, 'QUO', 0),
(126, 'EVEREX', 0),
(127, 'WAYFU', 0),
(128, 'TRIPP-LITE', 0),
(129, 'DIXON', 0),
(130, 'GENESIS', 0),
(131, 'UBIQUITI', 0),
(132, 'OLYMPUS', 0),
(133, 'SAKAR', 0),
(134, 'PUMA', 0),
(135, 'GRANDSTREAM', 0),
(136, 'SOYNTEC', 0),
(137, 'AIRBOOM', 0);
;;;;;;

;;;;;;
TRUNCATE TABLE `ges_subfamilias`;
;;;;;;

;;;;;;
INSERT INTO `ges_subfamilias` (`Id`, `IdFamilia`, `IdSubFamilia`, `IdIdioma`, `SubFamilia`, `MargenUtilidadVD`, `MargenUtilidadVC`, `Descuento`, `Eliminado`) VALUES
(1, 2, 1, 1, '...', 0, 0, 0, 0),
(2, 3, 1, 1, 'INTERIOR', 0, 0, 0, 0),
(3, 3, 2, 1, 'EXTERIOR', 0, 0, 0, 0),
(4, 4, 1, 1, 'RED', 0, 0, 0, 0),
(5, 4, 2, 1, 'DATOS', 0, 0, 0, 0),
(6, 4, 3, 1, 'VIDEO', 0, 0, 0, 0),
(7, 5, 1, 1, 'MICROFONO', 0, 0, 0, 0),
(8, 5, 2, 1, 'BLUETOOTH', 0, 0, 0, 0),
(9, 5, 3, 1, 'PARA MP3', 0, 0, 0, 0),
(10, 6, 1, 1, 'ORIGINAL', 0, 0, 0, 0),
(11, 6, 2, 1, 'COMPATIBLE', 0, 0, 0, 0),
(12, 7, 1, 1, 'COMPATIBLE', 0, 0, 0, 0),
(13, 8, 1, 1, 'UTP', 0, 0, 0, 0),
(14, 8, 2, 1, 'DATOS', 0, 0, 0, 0),
(15, 8, 3, 1, 'EXTENSION USB', 0, 0, 0, 0),
(16, 8, 4, 1, 'VGA', 0, 0, 0, 0),
(17, 8, 5, 1, 'HDMI', 0, 0, 0, 0),
(18, 8, 6, 1, 'HDMI-VGA', 0, 0, 0, 0),
(19, 8, 7, 1, 'PODER', 0, 0, 0, 0),
(20, 8, 8, 1, 'AUDIO', 0, 0, 0, 0),
(21, 9, 1, 1, 'WEB', 0, 0, 0, 0),
(22, 9, 2, 1, 'FOTOGRAFICA', 0, 0, 0, 0),
(23, 9, 3, 1, 'INTERNET', 0, 0, 0, 0),
(24, 9, 4, 1, 'FILMADORA', 0, 0, 0, 0),
(25, 9, 5, 1, 'VIGILANCIA', 0, 0, 0, 0),
(26, 10, 1, 1, 'INTERNO', 0, 0, 0, 0),
(27, 10, 2, 1, 'EXTERNO', 0, 0, 0, 0),
(28, 11, 1, 1, 'LAPTOP', 0, 0, 0, 0),
(29, 11, 2, 1, 'TABLET', 0, 0, 0, 0),
(30, 12, 1, 1, 'ORIGINAL', 0, 0, 0, 0),
(31, 12, 2, 1, 'COMPATIBLE', 0, 0, 0, 0),
(32, 13, 1, 1, 'ORIGINAL', 0, 0, 0, 0),
(33, 13, 2, 1, 'COMPATIBLE', 0, 0, 0, 0),
(34, 14, 1, 1, 'FUENTE REAL', 0, 0, 0, 0),
(35, 14, 2, 1, 'ESTANDAR', 0, 0, 0, 0),
(36, 14, 3, 1, 'ESTANDAR SLIM', 0, 0, 0, 0),
(37, 14, 4, 1, 'SIN FUENTE', 0, 0, 0, 0),
(38, 15, 1, 1, 'LAPTOP', 0, 0, 0, 0),
(39, 15, 2, 1, 'DISCO DURO', 0, 0, 0, 0),
(40, 15, 3, 1, 'CASE', 0, 0, 0, 0),
(41, 16, 1, 1, 'INTERNO', 0, 0, 0, 0),
(42, 16, 2, 1, 'EXTERNO', 0, 0, 0, 0),
(43, 17, 1, 1, '...', 0, 0, 0, 0),
(44, 18, 1, 1, 'SOLIDO', 0, 0, 0, 0),
(45, 18, 2, 1, 'HIBRIDO', 0, 0, 0, 0),
(46, 19, 1, 1, 'REAL', 0, 0, 0, 0),
(47, 19, 2, 1, 'ESTANDAR', 0, 0, 0, 0),
(48, 20, 1, 1, 'LAPTOP', 0, 0, 0, 0),
(49, 20, 2, 1, 'PC', 0, 0, 0, 0),
(50, 21, 1, 1, 'USB', 0, 0, 0, 0),
(51, 21, 2, 1, 'USB Y CONSOLA', 0, 0, 0, 0),
(52, 21, 3, 1, 'INALAMBRICO', 0, 0, 0, 0),
(53, 22, 1, 1, 'LASER', 0, 0, 0, 0),
(54, 22, 2, 1, 'TINTA', 0, 0, 0, 0),
(55, 22, 3, 1, 'MATRICIAL', 0, 0, 0, 0),
(56, 22, 4, 1, 'TERMICA', 0, 0, 0, 0),
(57, 23, 1, 1, 'NOTEBOOK', 0, 0, 0, 0),
(58, 23, 2, 1, 'ULTRABOOK', 0, 0, 0, 0),
(59, 23, 3, 1, 'MINI NOTEBOOK', 0, 0, 0, 0),
(60, 24, 1, 1, 'PORTA LAPTOP', 0, 0, 0, 0),
(61, 25, 1, 1, 'USB', 0, 0, 0, 0),
(62, 25, 2, 1, 'DIMM', 0, 0, 0, 0),
(63, 25, 3, 1, 'SD', 0, 0, 0, 0),
(64, 25, 4, 1, 'SODIMM', 0, 0, 0, 0),
(65, 26, 1, 1, 'PORTA LAPTOP', 0, 0, 0, 0),
(66, 27, 1, 1, 'USB', 0, 0, 0, 0),
(67, 27, 2, 1, 'USB RETRACTIL', 0, 0, 0, 0),
(68, 27, 3, 1, 'PS/2', 0, 0, 0, 0),
(69, 27, 4, 1, 'INALAMBRICO', 0, 0, 0, 0),
(70, 27, 5, 1, 'BLUETOOTH', 0, 0, 0, 0),
(71, 28, 1, 1, 'INTERNO', 0, 0, 0, 0),
(72, 28, 2, 1, 'EXTERNO', 0, 0, 0, 0),
(73, 29, 1, 1, 'LCD', 0, 0, 0, 0),
(74, 29, 2, 1, 'LED', 0, 0, 0, 0),
(75, 30, 1, 1, '1.0', 0, 0, 0, 0),
(76, 30, 2, 1, '2.0', 0, 0, 0, 0),
(77, 30, 3, 1, '2.1', 0, 0, 0, 0),
(78, 30, 4, 1, '3.1', 0, 0, 0, 0),
(79, 30, 5, 1, '5.1', 0, 0, 0, 0),
(80, 30, 6, 1, 'PORTABLE', 0, 0, 0, 0),
(81, 31, 1, 1, 'SOCKET 1150', 0, 0, 0, 0),
(82, 31, 2, 1, 'SOCKET 1155', 0, 0, 0, 0),
(83, 31, 3, 1, 'SOCKET FM2+', 0, 0, 0, 0),
(84, 31, 4, 1, 'SOCKET AM3+', 0, 0, 0, 0),
(85, 32, 1, 1, 'SOCKET 1150', 0, 0, 0, 0),
(86, 32, 2, 1, 'SOCKET FM2+', 0, 0, 0, 0),
(87, 32, 3, 1, 'SOCKET FM2', 0, 0, 0, 0),
(88, 32, 4, 1, 'SOCKET AM3+', 0, 0, 0, 0),
(89, 33, 1, 1, 'ADSL INALAMBRICO', 0, 0, 0, 0),
(90, 33, 2, 1, '3G/4G INALAMCRICO', 0, 0, 0, 0),
(91, 34, 1, 1, 'ANTIVIRUS', 0, 0, 0, 0),
(92, 34, 2, 1, 'OFFICE', 0, 0, 0, 0),
(93, 35, 1, 1, 'BASE 100', 0, 0, 0, 0),
(94, 35, 2, 1, 'BASE 1000', 0, 0, 0, 0),
(95, 36, 1, 1, 'ANDROID', 0, 0, 0, 0),
(96, 36, 2, 1, 'WINDOWS', 0, 0, 0, 0),
(97, 37, 1, 1, 'PCI-EXPRESS', 0, 0, 0, 0),
(98, 37, 2, 1, 'PCI-EXPRESS WIFI', 0, 0, 0, 0),
(99, 37, 3, 1, 'PCI', 0, 0, 0, 0),
(100, 37, 4, 1, 'PCI WIFI', 0, 0, 0, 0),
(101, 37, 5, 1, 'USB', 0, 0, 0, 0),
(102, 37, 6, 1, 'USB WIFI', 0, 0, 0, 0),
(103, 38, 1, 1, 'PCI-EXPRESS', 0, 0, 0, 0),
(104, 38, 2, 1, 'PCI', 0, 0, 0, 0),
(105, 39, 1, 1, 'PCI-EXPRESS', 0, 0, 0, 0),
(106, 39, 2, 1, 'PCI', 0, 0, 0, 0),
(107, 39, 3, 1, 'USB', 0, 0, 0, 0),
(108, 40, 1, 1, 'NVIDIA', 0, 0, 0, 0),
(109, 40, 2, 1, 'ATI', 0, 0, 0, 0),
(110, 41, 1, 1, 'USB', 0, 0, 0, 0),
(111, 41, 2, 1, 'PS/2', 0, 0, 0, 0),
(112, 41, 3, 1, 'NUMERICO', 0, 0, 0, 0),
(113, 41, 4, 1, 'BLUETOOTH', 0, 0, 0, 0),
(114, 41, 5, 1, 'INALAMBRICO', 0, 0, 0, 0),
(115, 41, 6, 1, 'LAPTOP', 0, 0, 0, 0);
;;;;;;
